gene,5ss_pairing,3ss_alternative,PSI,index,prob_5ss,prob_3ss
AT2G26260,417,500,20.406,-1,-1.0,-1.0
AT2G26260,417,492,79.594,-1,-1.0,-1.0
AT4G20070,2110,2189,89.00050000000002,-1,-1.0,-1.0
AT4G20070,2110,2179,8.499500000000001,-1,-1.0,-1.0
AT2G36380,3590,3671,0.1025,-1,-1.0,-1.0
AT2G36380,3590,3662,83.26624999999999,-1,-1.0,-1.0
AT2G36380,3590,3656,11.63125,-1,-1.0,-1.0
AT3G19290,2417,2667,86.2465,-1,-1.0,-1.0
AT3G19290,2417,2664,8.607499999999998,-1,-1.0,-1.0
AT3G19290,2417,2646,0.146,-1,-1.0,-1.0
AT3G05420,1628,1743,47.667,-1,-1.0,-1.0
AT3G05420,1628,1740,51.64825,-1,-1.0,-1.0
AT3G05420,1628,1723,0.6855,-1,-1.0,-1.0
AT4G21160,1728,1847,10.318,-1,-1.0,-1.0
AT4G21160,1728,1844,89.682,-1,-1.0,-1.0
AT1G08680,4060,4141,93.0775,-1,-1.0,-1.0
AT1G08680,4060,4135,6.922499999999999,-1,-1.0,-1.0
AT1G08680,3592,3924,29.410000000000004,-1,-1.0,-1.0
AT1G08680,3592,3921,70.59,-1,-1.0,-1.0
AT5G65050,2749,2898,2.14875,-1,-1.0,-1.0
AT5G65050,2749,2867,12.25125,-1,-1.0,-1.0
AT5G65050,2749,2845,0.038,-1,-1.0,-1.0
AT5G65050,2749,2838,0.02025,-1,-1.0,-1.0
AT5G65050,2749,2834,83.0415,-1,-1.0,-1.0
AT5G65050,2935,3052,7.952500000000001,-1,-1.0,-1.0
AT5G65050,2935,3048,92.03025,-1,-1.0,-1.0
AT5G65050,2935,3016,0.0169999999999999,-1,-1.0,-1.0
AT1G03430,705,879,3.28325,-1,-1.0,-1.0
AT1G03430,705,848,87.09200000000001,-1,-1.0,-1.0
AT1G03430,705,820,4.624750000000001,-1,-1.0,-1.0
AT5G13280,606,695,97.31225,-1,-1.0,-1.0
AT5G13280,606,690,2.6877500000000003,-1,-1.0,-1.0
AT5G14060,358,705,66.7175,-1,-1.0,-1.0
AT5G14060,358,699,28.28250000000001,-1,-1.0,-1.0
AT2G02470,1687,1787,49.75975,-1,-1.0,-1.0
AT2G02470,1687,1760,50.19225,-1,-1.0,-1.0
AT2G02470,1687,1731,0.04775,-1,-1.0,-1.0
AT5G04930,2764,2873,93.28,-1,-1.0,-1.0
AT5G04930,2764,2868,4.220000000000001,-1,-1.0,-1.0
AT5G04930,3535,3630,9.19825,-1,-1.0,-1.0
AT5G04930,3535,3621,90.80175,-1,-1.0,-1.0
AT2G40190,1243,1367,0.1325,-1,-1.0,-1.0
AT2G40190,1243,1352,69.2585,-1,-1.0,-1.0
AT2G40190,1243,1341,28.109,-1,-1.0,-1.0
AT5G59950,1296,1398,0.03075,-1,-1.0,-1.0
AT5G59950,1296,1393,95.25674999999998,-1,-1.0,-1.0
AT5G59950,1296,1390,4.71225,-1,-1.0,-1.0
AT1G08980,1420,1501,10.20875,-1,-1.0,-1.0
AT1G08980,1420,1488,82.29125,-1,-1.0,-1.0
AT5G47840,336,466,0.0,-1,-1.0,-1.0
AT5G47840,336,420,95.34825,-1,-1.0,-1.0
AT5G47840,336,412,4.65175,-1,-1.0,-1.0
AT3G10480,1034,1127,26.02925,-1,-1.0,-1.0
AT3G10480,1034,1124,73.97075,-1,-1.0,-1.0
AT1G27450,363,564,2.1075,-1,-1.0,-1.0
AT1G27450,363,561,90.08275,-1,-1.0,-1.0
AT1G27450,363,558,2.8475,-1,-1.0,-1.0
AT1G27450,363,513,2.462,-1,-1.0,-1.0
AT4G32320,1631,1723,94.99325,-1,-1.0,-1.0
AT4G32320,1631,1701,5.00675,-1,-1.0,-1.0
AT4G08390,362,524,0.024,-1,-1.0,-1.0
AT4G08390,362,454,4.718500000000001,-1,-1.0,-1.0
AT4G08390,362,451,95.2575,-1,-1.0,-1.0
AT4G08390,2226,2307,95.8605,-1,-1.0,-1.0
AT4G08390,2226,2304,4.1395,-1,-1.0,-1.0
AT1G77490,573,716,43.62225,-1,-1.0,-1.0
AT1G77490,573,711,51.377750000000006,-1,-1.0,-1.0
AT5G62000,4512,4607,56.4145,-1,-1.0,-1.0
AT5G62000,4512,4604,43.5855,-1,-1.0,-1.0
AT4G01710,367,462,23.204,-1,-1.0,-1.0
AT4G01710,367,452,2.4565,-1,-1.0,-1.0
AT4G01710,367,436,74.33924999999999,-1,-1.0,-1.0
AT3G05840,385,951,10.92175,-1,-1.0,-1.0
AT3G05840,385,922,89.07825,-1,-1.0,-1.0
AT5G64940,4384,4527,29.85125,-1,-1.0,-1.0
AT5G64940,4384,4475,0.631,-1,-1.0,-1.0
AT5G64940,4384,4472,69.51775,-1,-1.0,-1.0
AT5G21222,3184,3409,18.369,-1,-1.0,-1.0
AT5G21222,3184,3367,0.24375,-1,-1.0,-1.0
AT5G21222,3184,3363,78.8875,-1,-1.0,-1.0
AT1G11840,78,647,82.76050000000001,-1,-1.0,-1.0
AT1G11840,78,622,16.86325,-1,-1.0,-1.0
AT1G11840,78,511,0.37625,-1,-1.0,-1.0
AT1G28210,4944,5375,73.7975,-1,-1.0,-1.0
AT1G28210,4944,5339,23.33625,-1,-1.0,-1.0
AT1G28210,4944,5308,0.3665,-1,-1.0,-1.0
AT1G31020,797,884,19.833,-1,-1.0,-1.0
AT1G31020,797,880,80.167,-1,-1.0,-1.0
AT1G11870,343,418,9.94575,-1,-1.0,-1.0
AT1G11870,343,415,21.684,-1,-1.0,-1.0
AT1G11870,343,412,68.37049999999999,-1,-1.0,-1.0
AT1G11870,565,805,90.7525,-1,-1.0,-1.0
AT1G11870,565,802,0.0942499999999999,-1,-1.0,-1.0
AT1G11870,565,798,8.80675,-1,-1.0,-1.0
AT1G11870,565,781,0.346,-1,-1.0,-1.0
AT5G12210,537,655,0.0935,-1,-1.0,-1.0
AT5G12210,537,651,11.53375,-1,-1.0,-1.0
AT5G12210,537,648,85.87275,-1,-1.0,-1.0
AT5G45300,588,766,14.5425,-1,-1.0,-1.0
AT5G45300,588,760,80.0275,-1,-1.0,-1.0
AT5G45300,588,737,0.43,-1,-1.0,-1.0
AT5G57150,270,460,0.08825,-1,-1.0,-1.0
AT5G57150,270,368,0.0,-1,-1.0,-1.0
AT5G57150,270,365,0.0,-1,-1.0,-1.0
AT5G57150,270,351,9.33075,-1,-1.0,-1.0
AT5G57150,270,348,90.58125,-1,-1.0,-1.0
AT1G68920,1365,1453,8.60575,-1,-1.0,-1.0
AT1G68920,1365,1450,83.89425,-1,-1.0,-1.0
AT4G38200,1482,1705,66.59425000000002,-1,-1.0,-1.0
AT4G38200,1482,1695,33.40575,-1,-1.0,-1.0
AT1G79110,765,849,89.229,-1,-1.0,-1.0
AT1G79110,765,840,10.77125,-1,-1.0,-1.0
AT4G02640,658,1086,0.58775,-1,-1.0,-1.0
AT4G02640,658,1083,0.0465,-1,-1.0,-1.0
AT4G02640,658,1051,0.059,-1,-1.0,-1.0
AT4G02640,658,1024,0.0397499999999999,-1,-1.0,-1.0
AT4G02640,658,1021,69.569,-1,-1.0,-1.0
AT4G02640,658,1003,27.07225,-1,-1.0,-1.0
AT4G02640,658,988,0.07325,-1,-1.0,-1.0
AT4G02640,658,958,0.008,-1,-1.0,-1.0
AT4G02640,658,871,0.0445,-1,-1.0,-1.0
AT2G38040,3740,3823,79.211,-1,-1.0,-1.0
AT2G38040,3740,3815,20.789,-1,-1.0,-1.0
AT2G40410,525,631,3.43325,-1,-1.0,-1.0
AT2G40410,525,625,91.56675,-1,-1.0,-1.0
AT2G40410,1272,1374,0.1515,-1,-1.0,-1.0
AT2G40410,1272,1366,84.79100000000001,-1,-1.0,-1.0
AT2G40410,1272,1359,14.978750000000002,-1,-1.0,-1.0
AT2G40410,1272,1340,0.0,-1,-1.0,-1.0
AT2G40410,1272,1335,0.0785,-1,-1.0,-1.0
AT2G02560,597,684,57.4885,-1,-1.0,-1.0
AT2G02560,597,678,40.0115,-1,-1.0,-1.0
AT5G36940,2189,2297,21.63925,-1,-1.0,-1.0
AT5G36940,2189,2280,75.86075,-1,-1.0,-1.0
AT5G62570,497,1033,14.5795,-1,-1.0,-1.0
AT5G62570,497,1023,82.73299999999999,-1,-1.0,-1.0
AT5G62570,497,980,0.1875,-1,-1.0,-1.0
AT3G18500,2134,2236,74.56,-1,-1.0,-1.0
AT3G18500,2134,2227,2.90225,-1,-1.0,-1.0
AT3G18500,2134,2224,22.5185,-1,-1.0,-1.0
AT3G18500,2134,2221,0.01875,-1,-1.0,-1.0
AT3G18500,865,1029,60.67125000000001,-1,-1.0,-1.0
AT3G18500,865,1000,0.33125,-1,-1.0,-1.0
AT3G18500,865,997,37.738,-1,-1.0,-1.0
AT3G18500,865,971,1.25975,-1,-1.0,-1.0
AT3G19180,2275,2418,71.33725000000001,-1,-1.0,-1.0
AT3G19180,2275,2413,6.654999999999999,-1,-1.0,-1.0
AT3G19180,2275,2382,1.5765,-1,-1.0,-1.0
AT3G19180,2275,2361,17.9315,-1,-1.0,-1.0
AT2G45150,442,659,53.432500000000005,-1,-1.0,-1.0
AT2G45150,442,632,44.0675,-1,-1.0,-1.0
AT3G06400,4535,4627,76.6215,-1,-1.0,-1.0
AT3G06400,4535,4624,23.378500000000003,-1,-1.0,-1.0
AT3G06400,4535,4610,0.0,-1,-1.0,-1.0
AT4G14270,696,790,6.9545,-1,-1.0,-1.0
AT4G14270,696,787,0.32675,-1,-1.0,-1.0
AT4G14270,696,784,92.71825,-1,-1.0,-1.0
AT4G17640,1072,1221,0.005,-1,-1.0,-1.0
AT4G17640,1072,1213,10.38375,-1,-1.0,-1.0
AT4G17640,1072,1198,89.61125,-1,-1.0,-1.0
AT2G32950,854,1012,0.0,-1,-1.0,-1.0
AT2G32950,854,991,91.82775,-1,-1.0,-1.0
AT2G32950,854,987,8.17225,-1,-1.0,-1.0
AT2G44520,960,1059,80.61975,-1,-1.0,-1.0
AT2G44520,960,1049,16.88025,-1,-1.0,-1.0
AT3G15640,460,680,0.0385,-1,-1.0,-1.0
AT3G15640,460,678,3.987000000000001,-1,-1.0,-1.0
AT3G15640,460,675,95.9745,-1,-1.0,-1.0
AT4G35310,518,1009,0.00125,-1,-1.0,-1.0
AT4G35310,518,997,0.0015,-1,-1.0,-1.0
AT4G35310,518,807,1.3232499999999998,-1,-1.0,-1.0
AT4G35310,518,759,16.097250000000003,-1,-1.0,-1.0
AT4G35310,518,741,77.57674999999999,-1,-1.0,-1.0
AT1G67840,2073,2200,0.30575,-1,-1.0,-1.0
AT1G67840,2073,2171,84.56075,-1,-1.0,-1.0
AT1G67840,2073,2167,12.63325,-1,-1.0,-1.0
AT2G35650,1105,1233,75.1625,-1,-1.0,-1.0
AT2G35650,1105,1226,22.3375,-1,-1.0,-1.0
AT2G35660,488,572,64.49875,-1,-1.0,-1.0
AT2G35660,488,564,30.50125,-1,-1.0,-1.0
AT1G59520,4090,4485,17.43525,-1,-1.0,-1.0
AT1G59520,4090,4464,0.08875,-1,-1.0,-1.0
AT1G59520,4090,4401,0.0,-1,-1.0,-1.0
AT1G59520,4090,4395,0.1692499999999999,-1,-1.0,-1.0
AT1G59520,4090,4385,1.14425,-1,-1.0,-1.0
AT1G59520,4090,4380,77.911,-1,-1.0,-1.0
AT1G59520,4090,4365,0.752,-1,-1.0,-1.0
AT3G01480,1307,1424,0.01325,-1,-1.0,-1.0
AT3G01480,1307,1419,63.057,-1,-1.0,-1.0
AT3G01480,1307,1391,36.92925,-1,-1.0,-1.0
AT1G19270,2037,2200,25.581,-1,-1.0,-1.0
AT1G19270,2037,2165,74.41900000000001,-1,-1.0,-1.0
AT5G67570,1030,1150,1.1875,-1,-1.0,-1.0
AT5G67570,1030,1138,60.71075,-1,-1.0,-1.0
AT5G67570,1030,1129,38.10225,-1,-1.0,-1.0
AT3G60880,433,712,11.31475,-1,-1.0,-1.0
AT3G60880,433,709,86.03475,-1,-1.0,-1.0
AT3G60880,433,546,0.15075,-1,-1.0,-1.0
AT2G45440,540,898,7.47075,-1,-1.0,-1.0
AT2G45440,540,895,87.26825,-1,-1.0,-1.0
AT2G45440,540,858,0.26075,-1,-1.0,-1.0
AT5G23090,248,379,0.38675,-1,-1.0,-1.0
AT5G23090,248,352,84.6375,-1,-1.0,-1.0
AT5G23090,248,326,3.3237499999999995,-1,-1.0,-1.0
AT5G23090,248,311,11.65325,-1,-1.0,-1.0
AT5G23090,910,1005,33.669500000000006,-1,-1.0,-1.0
AT5G23090,910,1002,66.3305,-1,-1.0,-1.0
AT4G33650,4048,4138,74.40950000000001,-1,-1.0,-1.0
AT4G33650,4048,4135,25.49075,-1,-1.0,-1.0
AT4G33650,4048,4126,0.0995,-1,-1.0,-1.0
AT3G62300,1569,1755,63.298,-1,-1.0,-1.0
AT3G62300,1569,1752,31.702,-1,-1.0,-1.0
AT5G11380,2665,2748,75.55499999999999,-1,-1.0,-1.0
AT5G11380,2665,2745,0.40175,-1,-1.0,-1.0
AT5G11380,2665,2743,24.043,-1,-1.0,-1.0
AT3G03950,836,1018,17.1255,-1,-1.0,-1.0
AT3G03950,836,1006,80.3745,-1,-1.0,-1.0
AT5G58190,301,400,87.90725,-1,-1.0,-1.0
AT5G58190,301,397,11.968,-1,-1.0,-1.0
AT5G58190,301,366,0.125,-1,-1.0,-1.0
AT1G55500,999,1135,38.169,-1,-1.0,-1.0
AT1G55500,999,1096,56.82424999999999,-1,-1.0,-1.0
AT1G55500,999,1076,0.00675,-1,-1.0,-1.0
AT3G60240,607,730,0.03725,-1,-1.0,-1.0
AT3G60240,607,721,11.10575,-1,-1.0,-1.0
AT3G60240,863,987,5.82375,-1,-1.0,-1.0
AT3G60240,863,981,94.17625,-1,-1.0,-1.0
AT4G04350,1481,1596,53.606,-1,-1.0,-1.0
AT4G04350,1481,1593,0.24275,-1,-1.0,-1.0
AT4G04350,1481,1573,41.1515,-1,-1.0,-1.0
AT2G43160,471,1026,36.62125,-1,-1.0,-1.0
AT2G43160,471,1015,3.15925,-1,-1.0,-1.0
AT2G43160,471,1002,0.0,-1,-1.0,-1.0
AT2G43160,471,997,60.218750000000014,-1,-1.0,-1.0
AT3G59290,3644,3807,17.11775,-1,-1.0,-1.0
AT3G59290,3644,3804,82.88225,-1,-1.0,-1.0
AT1G79940,151,472,59.57950000000001,-1,-1.0,-1.0
AT1G79940,151,469,40.4205,-1,-1.0,-1.0
AT5G43430,951,1069,0.091,-1,-1.0,-1.0
AT5G43430,951,1053,94.02675,-1,-1.0,-1.0
AT5G43430,951,1050,5.88225,-1,-1.0,-1.0
AT3G43520,552,1340,0.022,-1,-1.0,-1.0
AT3G43520,552,1286,93.3415,-1,-1.0,-1.0
AT3G43520,552,1271,3.891750000000001,-1,-1.0,-1.0
AT3G43520,552,1194,0.1775,-1,-1.0,-1.0
AT3G43520,552,1031,0.06775,-1,-1.0,-1.0
AT1G31420,3063,3142,0.03275,-1,-1.0,-1.0
AT1G31420,3063,3140,50.278,-1,-1.0,-1.0
AT1G31420,3063,3137,47.1895,-1,-1.0,-1.0
AT2G38660,1650,1749,18.48425,-1,-1.0,-1.0
AT2G38660,1650,1747,79.01575,-1,-1.0,-1.0
AT1G52500,1885,2171,62.08175,-1,-1.0,-1.0
AT1G52500,1885,2154,0.26275,-1,-1.0,-1.0
AT1G52500,1885,2029,0.0,-1,-1.0,-1.0
AT1G52500,1885,2013,32.186,-1,-1.0,-1.0
AT1G52500,1885,1986,0.46925,-1,-1.0,-1.0
AT2G32250,3184,3318,0.0265,-1,-1.0,-1.0
AT2G32250,3184,3312,38.72775,-1,-1.0,-1.0
AT2G32250,3184,3306,56.24575,-1,-1.0,-1.0
AT2G47510,260,379,0.0495,-1,-1.0,-1.0
AT2G47510,260,376,0.61,-1,-1.0,-1.0
AT2G47510,260,372,19.4435,-1,-1.0,-1.0
AT2G47510,260,360,79.898,-1,-1.0,-1.0
AT1G51600,446,937,9.09625,-1,-1.0,-1.0
AT1G51600,446,933,90.90375,-1,-1.0,-1.0
AT3G01040,1268,1373,81.513,-1,-1.0,-1.0
AT3G01040,1268,1370,18.487,-1,-1.0,-1.0
AT4G38270,805,1073,22.6305,-1,-1.0,-1.0
AT4G38270,805,1069,77.36949999999999,-1,-1.0,-1.0
AT4G38270,1211,1296,89.6975,-1,-1.0,-1.0
AT4G38270,1211,1286,10.3025,-1,-1.0,-1.0
AT3G59410,2041,2315,71.31724999999999,-1,-1.0,-1.0
AT3G59410,2041,2312,28.68275,-1,-1.0,-1.0
AT5G17410,299,416,76.95349999999999,-1,-1.0,-1.0
AT5G17410,299,413,20.5465,-1,-1.0,-1.0
AT2G39550,1461,1717,48.2175,-1,-1.0,-1.0
AT2G39550,1461,1709,46.7825,-1,-1.0,-1.0
AT2G39550,1461,1590,0.0,-1,-1.0,-1.0
AT2G31350,435,762,1.1425,-1,-1.0,-1.0
AT2G31350,435,706,10.303,-1,-1.0,-1.0
AT2G31350,435,703,88.55474999999998,-1,-1.0,-1.0
AT1G13980,105,980,0.1297499999999999,-1,-1.0,-1.0
AT1G13980,105,941,37.04025,-1,-1.0,-1.0
AT1G13980,105,910,62.82974999999999,-1,-1.0,-1.0
AT3G27260,2844,3139,14.167750000000002,-1,-1.0,-1.0
AT3G27260,2844,3116,81.97274999999999,-1,-1.0,-1.0
AT3G27260,2844,3089,1.026,-1,-1.0,-1.0
AT3G27260,2844,3011,2.649,-1,-1.0,-1.0
AT3G27260,2844,2998,0.1845,-1,-1.0,-1.0
AT1G17550,1391,1588,77.50775,-1,-1.0,-1.0
AT1G17550,1391,1540,18.793,-1,-1.0,-1.0
AT1G17550,1391,1512,0.2365,-1,-1.0,-1.0
AT1G17550,1391,1490,3.46375,-1,-1.0,-1.0
AT3G42170,226,894,32.343,-1,-1.0,-1.0
AT3G42170,226,891,67.48375000000001,-1,-1.0,-1.0
AT3G42170,226,861,0.106,-1,-1.0,-1.0
AT3G42170,226,600,0.0675,-1,-1.0,-1.0
AT5G22650,1668,1823,0.003,-1,-1.0,-1.0
AT5G22650,1668,1816,0.0042499999999999,-1,-1.0,-1.0
AT5G22650,1668,1813,0.00275,-1,-1.0,-1.0
AT5G22650,1668,1811,1.77025,-1,-1.0,-1.0
AT5G22650,1668,1808,98.22025,-1,-1.0,-1.0
AT1G53490,3077,3211,40.144,-1,-1.0,-1.0
AT1G53490,3077,3181,57.16600000000001,-1,-1.0,-1.0
AT1G53490,3077,3163,0.18975,-1,-1.0,-1.0
AT3G14930,237,340,0.03875,-1,-1.0,-1.0
AT3G14930,237,331,3.0175,-1,-1.0,-1.0
AT3G14930,237,322,87.25525,-1,-1.0,-1.0
AT3G14930,237,318,7.188250000000001,-1,-1.0,-1.0
AT3G23640,434,773,1.3695,-1,-1.0,-1.0
AT3G23640,434,770,26.329999999999995,-1,-1.0,-1.0
AT3G23640,434,750,69.56375,-1,-1.0,-1.0
AT3G23640,434,694,0.119,-1,-1.0,-1.0
AT3G23640,434,680,0.1177499999999999,-1,-1.0,-1.0
AT5G48545,1348,1515,44.53625,-1,-1.0,-1.0
AT5G48545,1348,1508,0.44575,-1,-1.0,-1.0
AT5G48545,1348,1505,45.68175,-1,-1.0,-1.0
AT5G48545,1348,1493,6.836500000000001,-1,-1.0,-1.0
AT5G48545,1348,1480,0.0,-1,-1.0,-1.0
AT3G44530,1263,1358,77.20250000000001,-1,-1.0,-1.0
AT3G44530,1263,1355,17.797500000000003,-1,-1.0,-1.0
AT4G26900,1489,1576,0.5017499999999999,935,0.13318798175420998,0.0029670968956733708
AT4G26900,1489,1573,90.92875,935,0.13318798175420998,0.030865049902296313
AT4G26900,1489,1569,6.0695,935,0.13318798175420998,0.0725366295232835
AT5G16820,2305,2393,30.79,-1,-1.0,-1.0
AT5G16820,2305,2385,64.21000000000001,-1,-1.0,-1.0
AT2G22670,1957,2041,3.2022500000000003,-1,-1.0,-1.0
AT2G22670,1957,2035,96.79775,-1,-1.0,-1.0
AT5G65670,2388,2688,2.886,-1,-1.0,-1.0
AT5G65670,2388,2682,97.114,-1,-1.0,-1.0
AT1G09270,406,819,40.07825,-1,-1.0,-1.0
AT1G09270,406,815,59.91575,-1,-1.0,-1.0
AT1G09270,406,683,0.006,-1,-1.0,-1.0
AT2G27760,1474,1642,53.78125,-1,-1.0,-1.0
AT2G27760,1474,1637,46.21875,-1,-1.0,-1.0
AT2G43680,1258,1370,0.0045,-1,-1.0,-1.0
AT2G43680,1258,1363,39.9345,-1,-1.0,-1.0
AT2G43680,1258,1360,57.561,-1,-1.0,-1.0
AT4G09020,414,514,0.012,-1,-1.0,-1.0
AT4G09020,414,508,74.92699999999999,-1,-1.0,-1.0
AT4G09020,414,504,20.0605,-1,-1.0,-1.0
AT4G20400,3016,3208,0.0,-1,-1.0,-1.0
AT4G20400,3016,3205,95.9635,-1,-1.0,-1.0
AT4G20400,3016,3202,4.036499999999999,-1,-1.0,-1.0
AT4G31430,1299,1407,7.413250000000001,994,0.9897396109850677,0.1675219452715847
AT4G31430,1299,1377,92.58675,994,0.9897396109850677,0.8279680442562511
AT5G13530,4202,4563,0.4622499999999999,-1,-1.0,-1.0
AT5G13530,4202,4559,23.229000000000003,-1,-1.0,-1.0
AT5G13530,4202,4556,71.30850000000001,-1,-1.0,-1.0
AT2G32710,712,1591,46.82525,-1,-1.0,-1.0
AT2G32710,712,1582,53.17475,-1,-1.0,-1.0
AT1G20020,859,959,28.08,-1,-1.0,-1.0
AT1G20020,859,956,64.378,-1,-1.0,-1.0
AT1G20020,859,936,0.0355,-1,-1.0,-1.0
AT1G20020,859,933,0.0065,-1,-1.0,-1.0
AT4G31050,576,723,33.36900000000001,-1,-1.0,-1.0
AT4G31050,576,665,3.0615,-1,-1.0,-1.0
AT4G31050,576,661,58.5705,-1,-1.0,-1.0
AT1G73060,1327,1414,92.0,-1,-1.0,-1.0
AT1G73060,1327,1409,8.0,-1,-1.0,-1.0
AT3G58490,1325,1412,17.20075,-1,-1.0,-1.0
AT3G58490,1325,1408,80.29925,-1,-1.0,-1.0
AT4G20380,380,541,0.149,-1,-1.0,-1.0
AT4G20380,380,507,20.26625,-1,-1.0,-1.0
AT4G20380,380,504,72.51624999999999,-1,-1.0,-1.0
AT4G20380,380,501,1.0492500000000002,-1,-1.0,-1.0
AT4G20380,380,476,0.32325,-1,-1.0,-1.0
AT4G20380,380,446,5.58225,-1,-1.0,-1.0
AT4G20380,380,429,0.1125,-1,-1.0,-1.0
AT2G32700,357,442,30.022,-1,-1.0,-1.0
AT2G32700,357,439,69.978,-1,-1.0,-1.0
AT2G32700,3167,3365,0.0407499999999999,-1,-1.0,-1.0
AT2G32700,3167,3350,46.2535,-1,-1.0,-1.0
AT2G32700,3167,3344,53.44100000000001,-1,-1.0,-1.0
AT2G32700,3167,3320,0.265,-1,-1.0,-1.0
AT5G65060,2695,2812,3.16725,-1,-1.0,-1.0
AT5G65060,2695,2807,0.39125,-1,-1.0,-1.0
AT5G65060,2695,2785,0.00125,-1,-1.0,-1.0
AT5G65060,2695,2774,93.941,-1,-1.0,-1.0
AT1G53570,3074,3155,50.104,-1,-1.0,-1.0
AT1G53570,3074,3152,47.396,-1,-1.0,-1.0
AT1G53570,3239,3318,8.916500000000001,-1,-1.0,-1.0
AT1G53570,3239,3315,88.58375,-1,-1.0,-1.0
AT4G04920,4998,5425,6.228999999999999,-1,-1.0,-1.0
AT4G04920,4998,5348,5.16925,-1,-1.0,-1.0
AT4G04920,4998,5345,85.76975,-1,-1.0,-1.0
AT4G04920,4998,5315,0.0,-1,-1.0,-1.0
AT4G04920,4998,5276,0.3332499999999999,-1,-1.0,-1.0
AT3G23590,2961,3279,2.053,-1,-1.0,-1.0
AT3G23590,2961,3276,3.8535,-1,-1.0,-1.0
AT3G23590,2961,3271,60.995000000000005,-1,-1.0,-1.0
AT3G23590,2961,3240,0.066,-1,-1.0,-1.0
AT3G23590,2961,3206,7.08425,-1,-1.0,-1.0
AT3G23590,2961,3202,23.44625,-1,-1.0,-1.0
AT2G14680,2500,3308,59.877750000000006,-1,-1.0,-1.0
AT2G14680,2500,3304,40.12225,-1,-1.0,-1.0
AT4G00060,2015,2106,0.184,-1,-1.0,-1.0
AT4G00060,2015,2100,13.11525,-1,-1.0,-1.0
AT4G00060,2015,2091,7.744499999999999,-1,-1.0,-1.0
AT4G00060,2015,2087,78.95575000000001,-1,-1.0,-1.0
AT4G31780,759,1232,1.30625,-1,-1.0,-1.0
AT4G31780,759,1207,92.826,-1,-1.0,-1.0
AT4G31780,759,1196,0.2429999999999999,-1,-1.0,-1.0
AT4G31780,759,1194,5.625,-1,-1.0,-1.0
AT5G24350,206,400,47.721500000000006,-1,-1.0,-1.0
AT5G24350,206,385,49.7785,-1,-1.0,-1.0
AT2G05990,168,839,0.0,-1,-1.0,-1.0
AT2G05990,168,637,0.0075,-1,-1.0,-1.0
AT2G05990,168,634,42.74475,-1,-1.0,-1.0
AT2G05990,168,631,54.7475,-1,-1.0,-1.0
AT2G35630,5168,5316,23.75975,-1,-1.0,-1.0
AT2G35630,5168,5313,76.24025,-1,-1.0,-1.0
AT4G24680,776,1276,83.46200000000002,-1,-1.0,-1.0
AT4G24680,776,1273,16.498,-1,-1.0,-1.0
AT4G24680,776,1221,0.04,-1,-1.0,-1.0
AT1G73670,1785,1965,5.683750000000001,-1,-1.0,-1.0
AT1G73670,1785,1960,94.31625,-1,-1.0,-1.0
AT1G59580,190,537,0.00375,-1,-1.0,-1.0
AT1G59580,190,501,0.0135,-1,-1.0,-1.0
AT1G59580,190,498,11.64875,-1,-1.0,-1.0
AT1G59580,190,494,8.138499999999999,-1,-1.0,-1.0
AT1G59580,190,491,80.196,-1,-1.0,-1.0
AT4G04800,1154,1262,5.869750000000001,-1,-1.0,-1.0
AT4G04800,1154,1258,94.13025,-1,-1.0,-1.0
AT3G01050,1260,1394,0.4549999999999999,-1,-1.0,-1.0
AT3G01050,1260,1389,92.8255,-1,-1.0,-1.0
AT3G01050,1260,1364,0.091,-1,-1.0,-1.0
AT3G01050,1260,1334,1.3815,-1,-1.0,-1.0
AT3G01050,1260,1329,0.60275,-1,-1.0,-1.0
AT3G01050,1260,1322,4.6455,-1,-1.0,-1.0
AT5G04410,856,977,0.38725,-1,-1.0,-1.0
AT5G04410,856,973,92.56325,-1,-1.0,-1.0
AT5G04410,856,970,6.9465,-1,-1.0,-1.0
AT5G04410,856,949,0.0435,-1,-1.0,-1.0
AT5G04410,856,930,0.0597499999999999,-1,-1.0,-1.0
AT4G26110,2460,3007,0.0005,-1,-1.0,-1.0
AT4G26110,2460,2902,0.02275,-1,-1.0,-1.0
AT4G26110,2460,2865,4.1235,-1,-1.0,-1.0
AT4G26110,2460,2862,95.77425,-1,-1.0,-1.0
AT4G26110,2460,2581,0.0215,-1,-1.0,-1.0
AT4G26110,2460,2537,0.05775,-1,-1.0,-1.0
AT4G05020,887,1086,0.0,-1,-1.0,-1.0
AT4G05020,887,1008,0.074,-1,-1.0,-1.0
AT4G05020,887,1004,0.0,-1,-1.0,-1.0
AT4G05020,887,980,67.26975,-1,-1.0,-1.0
AT4G05020,887,977,32.65625,-1,-1.0,-1.0
AT5G11790,1449,1580,78.191,-1,-1.0,-1.0
AT5G11790,1449,1571,1.78,-1,-1.0,-1.0
AT5G11790,1449,1569,12.52825,-1,-1.0,-1.0
AT5G05970,3584,3666,77.2775,-1,-1.0,-1.0
AT5G05970,3584,3663,22.7225,-1,-1.0,-1.0
AT5G13390,2034,2123,55.74375,-1,-1.0,-1.0
AT5G13390,2034,2114,31.676500000000004,-1,-1.0,-1.0
AT5G13390,2034,2108,10.079,-1,-1.0,-1.0
AT5G08190,1025,1113,10.00425,-1,-1.0,-1.0
AT5G08190,1025,1110,89.86175,-1,-1.0,-1.0
AT5G08190,1025,1081,0.1345,-1,-1.0,-1.0
AT2G37060,169,354,1.982,-1,-1.0,-1.0
AT2G37060,169,339,12.573,-1,-1.0,-1.0
AT2G37060,169,319,14.6195,-1,-1.0,-1.0
AT2G37060,169,315,70.826,-1,-1.0,-1.0
AT4G25910,301,453,0.0,-1,-1.0,-1.0
AT4G25910,301,438,0.01,-1,-1.0,-1.0
AT4G25910,301,426,9.7505,-1,-1.0,-1.0
AT4G25910,301,407,0.0305,-1,-1.0,-1.0
AT4G25910,301,398,0.33975,-1,-1.0,-1.0
AT4G25910,301,385,84.869,-1,-1.0,-1.0
AT2G43500,3965,4034,80.10274999999999,-1,-1.0,-1.0
AT2G43500,3965,4025,12.39725,-1,-1.0,-1.0
AT4G28600,2752,2834,82.20174999999999,-1,-1.0,-1.0
AT4G28600,2752,2819,17.798250000000003,-1,-1.0,-1.0
AT4G08180,1635,1748,11.576,-1,-1.0,-1.0
AT4G08180,1635,1745,88.424,-1,-1.0,-1.0
AT4G12460,493,1456,68.607,-1,-1.0,-1.0
AT4G12460,493,1453,28.892999999999997,-1,-1.0,-1.0
AT4G12460,3324,3667,0.01475,-1,-1.0,-1.0
AT4G12460,3324,3661,3.33575,-1,-1.0,-1.0
AT4G12460,3324,3640,4.86925,-1,-1.0,-1.0
AT4G12460,3324,3626,0.375,-1,-1.0,-1.0
AT4G12460,3324,3621,86.70575,-1,-1.0,-1.0
AT4G12460,3324,3600,0.92875,-1,-1.0,-1.0
AT4G12460,3324,3430,3.771500000000001,-1,-1.0,-1.0
AT4G12460,2352,2614,22.2865,-1,-1.0,-1.0
AT4G12460,2352,2607,77.7135,-1,-1.0,-1.0
AT5G52520,900,1006,90.194,-1,-1.0,-1.0
AT5G52520,900,996,7.306,-1,-1.0,-1.0
AT5G21930,1522,1641,66.62925,-1,-1.0,-1.0
AT5G21930,1522,1634,33.37075,-1,-1.0,-1.0
AT5G21930,1522,1620,0.0,-1,-1.0,-1.0
AT2G46910,46,137,87.929,-1,-1.0,-1.0
AT2G46910,46,125,12.071,-1,-1.0,-1.0
AT2G46910,496,587,84.50725,-1,-1.0,-1.0
AT2G46910,496,576,15.49275,-1,-1.0,-1.0
AT1G55870,654,788,0.1237499999999999,-1,-1.0,-1.0
AT1G55870,654,780,26.81775,-1,-1.0,-1.0
AT1G55870,654,761,73.05825,-1,-1.0,-1.0
AT3G54010,1661,1755,89.34025,-1,-1.0,-1.0
AT3G54010,1661,1751,8.159749999999999,-1,-1.0,-1.0
AT3G51390,798,1173,0.281,-1,-1.0,-1.0
AT3G51390,798,1141,6.16525,-1,-1.0,-1.0
AT3G51390,798,1126,73.95674999999999,-1,-1.0,-1.0
AT3G51390,798,1121,19.4405,-1,-1.0,-1.0
AT3G51390,798,889,0.1265,-1,-1.0,-1.0
AT3G51390,798,877,0.0287499999999999,-1,-1.0,-1.0
AT5G12130,519,671,0.0087499999999999,-1,-1.0,-1.0
AT5G12130,519,666,84.07725,-1,-1.0,-1.0
AT5G12130,519,661,15.913999999999998,-1,-1.0,-1.0
AT5G04510,1397,1509,81.9035,-1,-1.0,-1.0
AT5G04510,1397,1478,2.998,-1,-1.0,-1.0
AT5G04510,1397,1465,15.09975,-1,-1.0,-1.0
AT5G08470,5850,6073,0.1305,-1,-1.0,-1.0
AT5G08470,5850,6068,5.19625,-1,-1.0,-1.0
AT5G08470,5850,6065,89.67325,-1,-1.0,-1.0
AT2G45740,264,423,0.00425,-1,-1.0,-1.0
AT2G45740,264,419,29.015,-1,-1.0,-1.0
AT2G45740,264,416,66.77125,-1,-1.0,-1.0
AT2G45740,264,396,1.709,-1,-1.0,-1.0
AT2G45740,264,390,0.0,-1,-1.0,-1.0
AT5G61580,2517,2621,15.160500000000004,-1,-1.0,-1.0
AT5G61580,2517,2618,84.81800000000001,-1,-1.0,-1.0
AT5G61580,2517,2590,0.0215,-1,-1.0,-1.0
AT4G22890,2200,2275,11.33875,-1,-1.0,-1.0
AT4G22890,2200,2271,88.66125,-1,-1.0,-1.0
AT5G58140,4326,4444,0.01475,-1,-1.0,-1.0
AT5G58140,4326,4421,83.6525,-1,-1.0,-1.0
AT5G58140,4326,4411,11.3325,-1,-1.0,-1.0
AT5G23720,635,774,27.02025,-1,-1.0,-1.0
AT5G23720,635,769,70.47975,-1,-1.0,-1.0
AT5G23720,635,749,0.0,-1,-1.0,-1.0
AT5G35840,2254,2394,0.02,-1,-1.0,-1.0
AT5G35840,2254,2390,62.66975,-1,-1.0,-1.0
AT5G35840,2254,2354,37.31025,-1,-1.0,-1.0
AT1G68890,3033,3117,32.70925,-1,-1.0,-1.0
AT1G68890,3033,3104,64.79075,-1,-1.0,-1.0
AT1G61850,4679,4773,26.551,-1,-1.0,-1.0
AT1G61850,4679,4770,73.449,-1,-1.0,-1.0
AT3G16785,1539,1775,28.27575,-1,-1.0,-1.0
AT3G16785,1539,1767,71.72425000000001,-1,-1.0,-1.0
AT3G16785,1942,2522,0.22975,-1,-1.0,-1.0
AT3G16785,1942,2428,88.1255,-1,-1.0,-1.0
AT3G16785,1942,2423,11.645,-1,-1.0,-1.0
AT1G18730,406,552,0.0287499999999999,-1,-1.0,-1.0
AT1G18730,406,510,0.1672499999999999,-1,-1.0,-1.0
AT1G18730,406,495,23.4275,-1,-1.0,-1.0
AT1G18730,406,492,66.345,-1,-1.0,-1.0
AT1G18730,406,477,0.0315,-1,-1.0,-1.0
AT1G50840,2598,2903,24.33975,-1,-1.0,-1.0
AT1G50840,2598,2900,70.66025,-1,-1.0,-1.0
AT2G05210,867,1123,1.0465,-1,-1.0,-1.0
AT2G05210,867,1118,29.79275,-1,-1.0,-1.0
AT2G05210,867,1095,23.422000000000004,-1,-1.0,-1.0
AT2G05210,867,1029,45.73925,-1,-1.0,-1.0
AT5G61770,1739,1826,21.0295,-1,-1.0,-1.0
AT5G61770,1739,1823,78.97049999999999,-1,-1.0,-1.0
AT4G15510,289,523,14.83325,-1,-1.0,-1.0
AT4G15510,289,509,80.167,-1,-1.0,-1.0
AT4G15510,615,807,16.8165,-1,-1.0,-1.0
AT4G15510,615,797,80.68350000000001,-1,-1.0,-1.0
AT3G56650,473,781,0.52375,-1,-1.0,-1.0
AT3G56650,473,702,0.0174999999999999,-1,-1.0,-1.0
AT3G56650,473,693,0.5370000000000001,-1,-1.0,-1.0
AT3G56650,473,682,68.80775,-1,-1.0,-1.0
AT3G56650,473,671,25.1145,-1,-1.0,-1.0
AT5G04810,1222,1419,22.55275,-1,-1.0,-1.0
AT5G04810,1222,1399,75.71,-1,-1.0,-1.0
AT5G04810,1222,1373,0.0,-1,-1.0,-1.0
AT5G04810,1222,1356,1.7375,-1,-1.0,-1.0
AT5G02040,1579,1666,37.392,-1,-1.0,-1.0
AT5G02040,1579,1656,62.60799999999999,-1,-1.0,-1.0
AT5G02040,1579,1636,0.0,-1,-1.0,-1.0
AT3G55740,444,1108,1.45175,-1,-1.0,-1.0
AT3G55740,444,1076,6.070749999999999,-1,-1.0,-1.0
AT3G55740,444,1062,84.978,-1,-1.0,-1.0
AT3G55740,444,1018,0.0,-1,-1.0,-1.0
AT2G44530,313,449,10.00625,-1,-1.0,-1.0
AT2G44530,313,446,89.99375,-1,-1.0,-1.0
AT3G26060,286,775,0.0005,-1,-1.0,-1.0
AT3G26060,286,766,92.65475,-1,-1.0,-1.0
AT3G26060,286,763,7.344749999999999,-1,-1.0,-1.0
AT5G61560,1478,1611,0.72525,-1,-1.0,-1.0
AT5G61560,1478,1551,19.86425,-1,-1.0,-1.0
AT5G61560,1478,1545,69.41075000000001,-1,-1.0,-1.0
AT1G14570,1180,1923,9.015,-1,-1.0,-1.0
AT1G14570,1180,1860,90.98225,-1,-1.0,-1.0
AT1G14570,1180,1720,0.00275,-1,-1.0,-1.0
AT3G47390,3112,3245,0.0,-1,-1.0,-1.0
AT3G47390,3112,3217,0.1989999999999999,-1,-1.0,-1.0
AT3G47390,3112,3213,49.1365,-1,-1.0,-1.0
AT3G47390,3112,3208,48.1645,-1,-1.0,-1.0
AT2G01270,794,890,91.23225,-1,-1.0,-1.0
AT2G01270,794,885,8.767750000000001,-1,-1.0,-1.0
AT4G39990,404,792,0.027,-1,-1.0,-1.0
AT4G39990,404,786,96.3345,-1,-1.0,-1.0
AT4G39990,404,783,3.59325,-1,-1.0,-1.0
AT4G39990,404,732,0.0,-1,-1.0,-1.0
AT4G39990,404,642,0.01825,-1,-1.0,-1.0
AT4G39990,404,594,0.0265,-1,-1.0,-1.0
AT3G63130,354,609,10.17725,-1,-1.0,-1.0
AT3G63130,354,606,89.82275,-1,-1.0,-1.0
AT1G32230,3194,3286,69.60275,-1,-1.0,-1.0
AT1G32230,3194,3283,30.397250000000003,-1,-1.0,-1.0
AT2G23310,1325,1431,19.2,-1,-1.0,-1.0
AT2G23310,1325,1428,80.8,-1,-1.0,-1.0
AT5G20250,237,345,25.272,-1,-1.0,-1.0
AT5G20250,237,329,74.728,-1,-1.0,-1.0
AT5G14610,3944,4029,76.98275000000001,-1,-1.0,-1.0
AT5G14610,3944,4026,18.01725,-1,-1.0,-1.0
AT3G29390,1593,1754,13.991,-1,-1.0,-1.0
AT3G29390,1593,1748,86.009,-1,-1.0,-1.0
AT3G29390,2022,2315,41.3615,-1,-1.0,-1.0
AT3G29390,2022,2281,57.7775,-1,-1.0,-1.0
AT3G29390,2022,2207,0.861,-1,-1.0,-1.0
AT5G66160,565,714,10.292750000000002,-1,-1.0,-1.0
AT5G66160,565,709,89.70725,-1,-1.0,-1.0
AT2G04270,1438,1525,73.92974999999998,-1,-1.0,-1.0
AT2G04270,1438,1514,16.070249999999998,-1,-1.0,-1.0
AT2G19730,75,256,49.0005,-1,-1.0,-1.0
AT2G19730,75,252,50.9695,-1,-1.0,-1.0
AT2G19730,75,230,0.0292499999999999,-1,-1.0,-1.0
AT5G46430,62,183,0.1712499999999999,-1,-1.0,-1.0
AT5G46430,62,180,0.1147499999999999,-1,-1.0,-1.0
AT5G46430,62,178,83.36425,-1,-1.0,-1.0
AT5G46430,62,174,16.348750000000003,-1,-1.0,-1.0
AT4G21150,110,294,0.0,-1,-1.0,-1.0
AT4G21150,110,265,0.0055,-1,-1.0,-1.0
AT4G21150,110,229,0.003,-1,-1.0,-1.0
AT4G21150,110,214,93.6945,-1,-1.0,-1.0
AT4G21150,110,201,6.28775,-1,-1.0,-1.0
AT4G21150,110,183,0.00925,-1,-1.0,-1.0
AT2G27710,207,300,0.023,-1,-1.0,-1.0
AT2G27710,207,294,15.48075,-1,-1.0,-1.0
AT2G27710,207,291,84.49575,-1,-1.0,-1.0
AT5G04800,668,1283,25.741499999999995,-1,-1.0,-1.0
AT5G04800,668,1280,74.2585,-1,-1.0,-1.0
AT5G52040,2872,2967,80.31524999999999,-1,-1.0,-1.0
AT5G52040,2872,2964,19.566000000000003,-1,-1.0,-1.0
AT5G52040,2872,2937,0.11925,-1,-1.0,-1.0
AT4G02260,3372,3486,55.98100000000001,-1,-1.0,-1.0
AT4G02260,3372,3483,41.519,-1,-1.0,-1.0
AT1G80650,836,959,17.0925,-1,-1.0,-1.0
AT1G80650,836,950,0.15025,-1,-1.0,-1.0
AT1G80650,836,948,5.01375,-1,-1.0,-1.0
AT1G80650,836,918,77.74449999999999,-1,-1.0,-1.0
AT5G02840,2273,2535,17.78975,-1,-1.0,-1.0
AT5G02840,2273,2513,82.21025,-1,-1.0,-1.0
AT4G01280,872,974,0.29525,-1,-1.0,-1.0
AT4G01280,872,972,69.06099999999999,-1,-1.0,-1.0
AT4G01280,872,969,30.644,-1,-1.0,-1.0
AT3G09600,1689,1882,59.7985,-1,-1.0,-1.0
AT3G09600,1689,1860,31.806,-1,-1.0,-1.0
AT3G51830,2867,3035,2.0585,-1,-1.0,-1.0
AT3G51830,2867,3029,28.6175,-1,-1.0,-1.0
AT3G51830,2867,3015,66.82025,-1,-1.0,-1.0
AT3G51830,2867,3006,2.5035,-1,-1.0,-1.0
AT1G02500,288,944,91.67775,-1,-1.0,-1.0
AT1G02500,288,941,8.32225,-1,-1.0,-1.0
AT2G36390,214,670,4.68325,-1,-1.0,-1.0
AT2G36390,214,665,95.31675,-1,-1.0,-1.0
AT5G03650,286,460,10.964,-1,-1.0,-1.0
AT5G03650,286,455,88.8605,-1,-1.0,-1.0
AT5G03650,286,441,0.034,-1,-1.0,-1.0
AT5G03650,286,365,0.14175,-1,-1.0,-1.0
AT3G48860,672,798,0.09875,-1,-1.0,-1.0
AT3G48860,672,794,5.193,-1,-1.0,-1.0
AT3G48860,672,790,89.70875000000001,-1,-1.0,-1.0
AT1G21450,475,1015,30.865,-1,-1.0,-1.0
AT1G21450,475,1009,66.63499999999999,-1,-1.0,-1.0
AT5G62575,188,275,32.87525,-1,-1.0,-1.0
AT5G62575,188,272,67.12474999999999,-1,-1.0,-1.0
AT5G47490,2478,2792,0.0,-1,-1.0,-1.0
AT5G47490,2478,2632,17.573249999999998,-1,-1.0,-1.0
AT5G47490,2478,2629,82.42675,-1,-1.0,-1.0
AT2G13790,922,1632,0.2115,-1,-1.0,-1.0
AT2G13790,922,1624,0.3107499999999999,-1,-1.0,-1.0
AT2G13790,922,1620,87.727,-1,-1.0,-1.0
AT2G13790,922,1604,9.17325,-1,-1.0,-1.0
AT2G13790,922,1593,0.07725,-1,-1.0,-1.0
AT3G45100,1330,1439,14.19975,-1,-1.0,-1.0
AT3G45100,1330,1426,85.80025,-1,-1.0,-1.0
AT3G45100,1582,1711,0.01175,-1,-1.0,-1.0
AT3G45100,1582,1690,3.77975,-1,-1.0,-1.0
AT3G45100,1582,1687,24.4015,-1,-1.0,-1.0
AT3G45100,1582,1676,70.1025,-1,-1.0,-1.0
AT3G45100,1582,1659,1.70475,-1,-1.0,-1.0
AT2G21520,354,583,29.426,-1,-1.0,-1.0
AT2G21520,354,571,70.574,-1,-1.0,-1.0
AT3G24840,2586,2671,58.4345,-1,-1.0,-1.0
AT3G24840,2586,2668,39.0655,-1,-1.0,-1.0
AT1G64860,2821,2906,6.53375,-1,-1.0,-1.0
AT1G64860,2821,2901,90.96625,-1,-1.0,-1.0
AT2G01620,713,802,0.041,7,0.9289533670060458,0.0031182271042599504
AT2G01620,713,799,12.108,7,0.9289533670060458,0.026846565582060306
AT2G01620,713,793,87.85075,7,0.9289533670060458,0.9250331602869802
AT2G35500,707,799,86.23575000000001,-1,-1.0,-1.0
AT2G35500,707,794,11.26425,-1,-1.0,-1.0
AT5G19400,4283,4436,0.0045,-1,-1.0,-1.0
AT5G19400,4283,4377,87.42675,-1,-1.0,-1.0
AT5G19400,4283,4358,12.00375,-1,-1.0,-1.0
AT5G19400,4283,4347,0.56525,-1,-1.0,-1.0
AT5G19400,4494,4597,5.2010000000000005,-1,-1.0,-1.0
AT5G19400,4494,4591,94.799,-1,-1.0,-1.0
AT1G07420,1563,1702,82.35725,-1,-1.0,-1.0
AT1G07420,1563,1677,0.16025,-1,-1.0,-1.0
AT1G07420,1563,1668,17.476499999999998,-1,-1.0,-1.0
AT1G07420,1563,1627,0.00625,-1,-1.0,-1.0
AT2G23930,632,712,81.01899999999999,-1,-1.0,-1.0
AT2G23930,632,709,18.981,-1,-1.0,-1.0
AT1G71696,2584,2761,17.49625,-1,-1.0,-1.0
AT1G71696,2584,2757,82.50375,-1,-1.0,-1.0
AT1G73990,1604,1696,0.1297499999999999,-1,-1.0,-1.0
AT1G73990,1604,1689,0.85275,-1,-1.0,-1.0
AT1G73990,1604,1681,77.48175,-1,-1.0,-1.0
AT1G73990,1604,1671,21.535000000000004,-1,-1.0,-1.0
AT1G63690,3246,3386,53.42975000000001,-1,-1.0,-1.0
AT1G63690,3246,3382,41.544,-1,-1.0,-1.0
AT1G63690,3246,3350,0.02575,-1,-1.0,-1.0
AT2G34630,389,892,85.18575000000001,-1,-1.0,-1.0
AT2G34630,389,889,14.814249999999998,-1,-1.0,-1.0
AT1G02840,190,286,0.0,-1,-1.0,-1.0
AT1G02840,190,277,21.16225,-1,-1.0,-1.0
AT1G02840,190,273,78.83775,-1,-1.0,-1.0
AT5G46410,1070,1192,90.11525,-1,-1.0,-1.0
AT5G46410,1070,1183,9.88475,-1,-1.0,-1.0
AT5G19690,4075,4173,37.74825,-1,-1.0,-1.0
AT5G19690,4075,4169,62.25175,-1,-1.0,-1.0
AT4G34100,3118,3279,28.643500000000007,-1,-1.0,-1.0
AT4G34100,3118,3276,71.35650000000001,-1,-1.0,-1.0
AT4G34430,2623,2953,0.0,-1,-1.0,-1.0
AT4G34430,2623,2805,0.09925,-1,-1.0,-1.0
AT4G34430,2623,2797,0.0,-1,-1.0,-1.0
AT4G34430,2623,2748,0.5907500000000001,-1,-1.0,-1.0
AT4G34430,2623,2737,19.20375,-1,-1.0,-1.0
AT4G34430,2623,2731,80.06875,-1,-1.0,-1.0
AT4G34430,2623,2727,0.0375,-1,-1.0,-1.0
AT2G28290,2577,2694,83.23175,-1,-1.0,-1.0
AT2G28290,2577,2691,16.768250000000002,-1,-1.0,-1.0
AT3G05710,483,877,0.02025,-1,-1.0,-1.0
AT3G05710,483,858,0.0659999999999999,-1,-1.0,-1.0
AT3G05710,483,851,0.01975,-1,-1.0,-1.0
AT3G05710,483,828,0.7085000000000001,-1,-1.0,-1.0
AT3G05710,483,801,0.0814999999999999,-1,-1.0,-1.0
AT3G05710,483,799,77.69475,-1,-1.0,-1.0
AT3G05710,483,796,21.40975,-1,-1.0,-1.0
AT1G28490,825,1016,0.11725,-1,-1.0,-1.0
AT1G28490,825,1012,58.11024999999999,-1,-1.0,-1.0
AT1G28490,825,1008,41.77275,-1,-1.0,-1.0
AT5G64470,605,845,33.289,-1,-1.0,-1.0
AT5G64470,605,838,61.71099999999999,-1,-1.0,-1.0
AT5G64470,1326,1482,28.356,-1,-1.0,-1.0
AT5G64470,1326,1459,71.64399999999999,-1,-1.0,-1.0
AT5G06950,1251,1372,0.1149999999999999,-1,-1.0,-1.0
AT5G06950,1251,1349,8.0105,-1,-1.0,-1.0
AT5G06950,1251,1338,91.87425,-1,-1.0,-1.0
AT5G09860,2506,2644,0.3085,-1,-1.0,-1.0
AT5G09860,2506,2640,46.43175,-1,-1.0,-1.0
AT5G09860,2506,2637,53.2595,-1,-1.0,-1.0
AT3G22380,2367,2528,89.0855,-1,-1.0,-1.0
AT3G22380,2367,2525,10.9145,-1,-1.0,-1.0
AT4G23430,1507,1664,0.05275,-1,-1.0,-1.0
AT4G23430,1507,1653,33.0755,-1,-1.0,-1.0
AT4G23430,1507,1623,63.35325,-1,-1.0,-1.0
AT4G23430,1507,1591,0.0,-1,-1.0,-1.0
AT4G23430,1507,1587,1.018,-1,-1.0,-1.0
AT4G23430,1507,1580,0.0,-1,-1.0,-1.0
AT3G18890,1121,1206,0.12525,-1,-1.0,-1.0
AT3G18890,1121,1200,76.05850000000001,-1,-1.0,-1.0
AT3G18890,1121,1195,16.294249999999998,-1,-1.0,-1.0
AT3G18890,1121,1170,0.022,-1,-1.0,-1.0
AT2G36960,2187,2394,82.06499999999998,419,0.9639035955917832,0.7357590758794749
AT2G36960,2187,2391,17.935000000000002,419,0.9639035955917832,0.13421492373191635
AT4G08320,1792,1880,54.70325,-1,-1.0,-1.0
AT4G08320,1792,1877,45.29675,-1,-1.0,-1.0
AT1G06910,1084,1470,21.28225,-1,-1.0,-1.0
AT1G06910,1084,1445,78.71775,-1,-1.0,-1.0
AT5G59430,1121,1225,0.9165,-1,-1.0,-1.0
AT5G59430,1121,1217,6.022499999999999,-1,-1.0,-1.0
AT5G59430,1121,1214,93.0615,-1,-1.0,-1.0
AT3G46590,1263,1359,17.4175,-1,-1.0,-1.0
AT3G46590,1263,1356,82.5825,-1,-1.0,-1.0
AT2G42580,1823,1910,80.20875000000001,-1,-1.0,-1.0
AT2G42580,1823,1899,12.12325,-1,-1.0,-1.0
AT2G42580,1823,1890,0.168,-1,-1.0,-1.0
AT3G58620,1787,1889,69.4675,-1,-1.0,-1.0
AT3G58620,1787,1878,27.99975,-1,-1.0,-1.0
AT3G58620,1787,1869,0.03275,-1,-1.0,-1.0
AT2G18280,413,1031,0.0,-1,-1.0,-1.0
AT2G18280,413,687,1.3602500000000002,-1,-1.0,-1.0
AT2G18280,413,1015,0.004,-1,-1.0,-1.0
AT2G18280,413,892,0.00025,-1,-1.0,-1.0
AT2G18280,413,788,0.00775,-1,-1.0,-1.0
AT2G18280,413,722,80.64349999999999,-1,-1.0,-1.0
AT2G18280,413,713,0.00725,-1,-1.0,-1.0
AT2G18280,413,701,0.011,-1,-1.0,-1.0
AT2G18280,413,698,0.0,-1,-1.0,-1.0
AT2G18280,413,690,12.966500000000002,-1,-1.0,-1.0
AT1G47270,531,609,2.02275,-1,-1.0,-1.0
AT1G47270,531,606,0.0,-1,-1.0,-1.0
AT1G47270,531,604,75.08975000000001,-1,-1.0,-1.0
AT1G47270,531,601,22.73,-1,-1.0,-1.0
AT1G47270,531,589,0.15825,-1,-1.0,-1.0
AT3G55380,915,1336,67.82575,-1,-1.0,-1.0
AT3G55380,915,1332,32.17425000000001,-1,-1.0,-1.0
AT5G56150,229,727,0.002,-1,-1.0,-1.0
AT5G56150,229,724,10.62275,-1,-1.0,-1.0
AT5G56150,229,721,1.94925,-1,-1.0,-1.0
AT5G56150,229,717,87.42675,-1,-1.0,-1.0
AT1G71220,8004,8103,55.876,-1,-1.0,-1.0
AT1G71220,8004,8100,41.624,-1,-1.0,-1.0
AT1G10570,402,758,54.751,-1,-1.0,-1.0
AT1G10570,402,755,40.249,-1,-1.0,-1.0
AT5G47010,6537,6623,47.73225,-1,-1.0,-1.0
AT5G47010,6537,6620,52.26775,-1,-1.0,-1.0
AT3G53090,1712,1885,60.84525000000001,-1,-1.0,-1.0
AT3G53090,1712,1875,38.9065,-1,-1.0,-1.0
AT3G53090,1712,1867,0.2485,-1,-1.0,-1.0
AT3G28030,1669,1981,32.49125,-1,-1.0,-1.0
AT3G28030,1669,1977,65.00875,-1,-1.0,-1.0
AT1G03190,1141,1539,0.1522499999999999,-1,-1.0,-1.0
AT1G03190,1141,1532,61.92049999999999,-1,-1.0,-1.0
AT1G03190,1141,1528,35.42775,-1,-1.0,-1.0
AT1G08550,1054,1323,10.6915,-1,-1.0,-1.0
AT1G08550,1054,1318,86.42425,-1,-1.0,-1.0
AT1G08550,1054,1302,0.38375,-1,-1.0,-1.0
AT4G23710,243,663,6.73325,-1,-1.0,-1.0
AT4G23710,243,645,0.0785,-1,-1.0,-1.0
AT4G23710,243,634,5.418000000000001,-1,-1.0,-1.0
AT4G23710,243,624,87.33975000000001,-1,-1.0,-1.0
AT4G23710,243,600,0.4305,-1,-1.0,-1.0
AT1G28520,840,1007,8.4115,-1,-1.0,-1.0
AT1G28520,840,987,0.1305,-1,-1.0,-1.0
AT1G28520,840,959,82.625,-1,-1.0,-1.0
AT1G28520,840,956,0.324,-1,-1.0,-1.0
AT1G28520,840,932,0.00925,-1,-1.0,-1.0
AT1G28520,840,922,3.499250000000001,-1,-1.0,-1.0
AT2G17790,1400,1595,85.2375,-1,-1.0,-1.0
AT2G17790,1400,1519,14.7625,-1,-1.0,-1.0
AT4G19490,3525,3738,77.869,-1,-1.0,-1.0
AT4G19490,3525,3729,22.131,-1,-1.0,-1.0
AT4G16845,2943,3039,80.57050000000001,-1,-1.0,-1.0
AT4G16845,2943,3033,16.9295,-1,-1.0,-1.0
AT5G04490,1067,1156,71.6615,-1,-1.0,-1.0
AT5G04490,1067,1151,23.3385,-1,-1.0,-1.0
AT5G39510,1974,2145,96.3805,-1,-1.0,-1.0
AT5G39510,1974,2131,3.6195,-1,-1.0,-1.0
AT3G04630,632,742,1.951,-1,-1.0,-1.0
AT3G04630,632,739,44.53325,-1,-1.0,-1.0
AT3G04630,632,736,53.5155,-1,-1.0,-1.0
AT2G21150,1637,1731,81.11749999999999,211,0.9994567662856594,0.9206887053996684
AT2G21150,1637,1718,16.3825,211,0.9994567662856594,0.03730974680661553
AT5G41370,1245,1610,0.9415,-1,-1.0,-1.0
AT5G41370,1245,1575,70.65175,-1,-1.0,-1.0
AT5G41370,1245,1558,0.156,-1,-1.0,-1.0
AT5G41370,1245,1540,20.7505,-1,-1.0,-1.0
AT5G48720,2364,2468,82.37925,-1,-1.0,-1.0
AT5G48720,2364,2465,15.120749999999996,-1,-1.0,-1.0
AT3G14890,595,682,76.90025,-1,-1.0,-1.0
AT3G14890,595,679,23.09975,-1,-1.0,-1.0
AT5G59440,339,633,0.00575,-1,-1.0,-1.0
AT5G59440,339,587,0.07825,-1,-1.0,-1.0
AT5G59440,339,584,49.885000000000005,-1,-1.0,-1.0
AT5G59440,339,577,47.53125,-1,-1.0,-1.0
AT3G02830,1403,1561,0.1195,-1,-1.0,-1.0
AT3G02830,1403,1551,0.03975,-1,-1.0,-1.0
AT3G02830,1403,1526,0.7155,-1,-1.0,-1.0
AT3G02830,1403,1514,0.37225,-1,-1.0,-1.0
AT3G02830,1403,1504,2.49575,-1,-1.0,-1.0
AT3G02830,1403,1498,96.20825,-1,-1.0,-1.0
AT3G02830,1403,1471,0.0485,-1,-1.0,-1.0
